<?xml version='1.0' encoding='UTF-8'?>
<page>
   <title>Task Edit</title>
   <title-id>page.taskEdit.title</title-id>
   <description>Page for editing task details</description>
   <description-id>page.taskEdit.description</description-id>
   <template-instance>workflow-details</template-instance>
   <authentication>user</authentication>
   <components>

      <!-- Data Header -->
      <component>
         <region-id>data-header</region-id>
         <url>/components/workflow/task-edit-header</url>
      </component>

      <!-- Data Form -->
      <component>
         <region-id>data-form</region-id>
         <url>/components/form</url>
         <properties>
            <itemKind>task</itemKind>
            <itemId>{taskId}</itemId>
            <mode>edit</mode>
            <formUI>true</formUI>
            <submitType>json</submitType>
            <showCaption>true</showCaption>
            <showCancelButton>true</showCancelButton>
            <err>workflow.task.error</err>
         </properties>
      </component>

      <!-- Data Loader -->
      <component>
         <region-id>data-loader</region-id>
         <url>/components/data/data-loader</url>
         <properties>
            <url>api/task-instances/{taskId}?detailed=true</url>
            <eventName>taskDetailedData</eventName>
            <eventData>data</eventData>
            <failureMessageKey>message.task-data.failure</failureMessageKey>
         </properties>
      </component>

   </components>
</page>
