<?xml version='1.0' encoding='UTF-8'?>
<template-instance>
   <template-type>org/alfresco/documentlibrary</template-type>
   <properties>
      <pageFamily>documentlibrary</pageFamily>
      <container>documentLibrary</container>
   </properties>
   <components>

      <!-- Title -->
      <component>
         <region-id>title</region-id>
         <url>/components/title/collaboration-title</url>
      </component>

      <!-- Navigation -->
      <component>
         <region-id>navigation</region-id>
         <url>/components/navigation/collaboration-navigation</url>
      </component>

      <!-- Actions -->
      <component>
         <region-id>actions-common</region-id>
         <url>/components/documentlibrary/actions-common</url>
         <properties>
            <dependencyGroup>documentlibrary</dependencyGroup>
         </properties>
      </component>

      <!-- Toolbar -->
      <component>
         <region-id>toolbar</region-id>
         <url>/components/documentlibrary/toolbar</url>
      </component>

      <!-- Documentlist -->
      <component>
         <region-id>documentlist</region-id>
         <url>/components/documentlibrary/documentlist</url>
         <properties>
            <pagination>true</pagination>
            <dependencyGroup>documentlibrary</dependencyGroup>
         </properties>
      </component>
      
      <component>
         <region-id>documentlist_v2</region-id>
         <url>/components/documentlibrary/documentlist_v2</url>
         <properties>
            <pagination>true</pagination>
            <dependencyGroup>documentlibrary</dependencyGroup>
         </properties>
      </component>

      <!-- Filter -->
      <component>
         <region-id>filter</region-id>
         <url>/components/documentlibrary/filter</url>
      </component>

      <!-- Tree -->
      <component>
         <region-id>tree</region-id>
         <url>/components/documentlibrary/tree</url>
         <properties></properties>
      </component>

      <!-- Categories -->
      <component>
         <region-id>categories</region-id>
         <url>/components/documentlibrary/categories</url>
      </component>
      
      <!-- Tags -->
      <component>
         <region-id>tags</region-id>
         <url>/components/tag-filter</url>
         <properties>
            <scoped>true</scoped>
         </properties>   
      </component>

      <!-- Uploaders -->
      <component>
         <region-id>html-upload</region-id>
         <url>/components/upload/html-upload</url>
      </component>
      <component>
         <region-id>flash-upload</region-id>
         <url>/components/upload/flash-upload</url>
      </component>
      <component>
         <region-id>file-upload</region-id>
         <url>/components/upload/file-upload</url>
      </component>
      <component>
         <region-id>dnd-upload</region-id>
         <url>/components/upload/dnd-upload</url>
      </component>
      <component>
         <region-id>archive-and-download</region-id>
         <url>/components/download/archive</url>
      </component>

      <!-- Custom Code -->
      <component>
         <region-id>doclib-custom</region-id>
         <url>/components/documentlibrary/doclib-custom</url>
      </component>

   </components>
</template-instance>