<?xml version='1.0' encoding='UTF-8'?>
<template-instance>
   <template-type>org/alfresco/people-finder</template-type>
   <components>

      <!-- Title -->
      <component>
         <region-id>title</region-id>
         <url>/components/title/simple-title</url>
         <properties>
            <title>title.peopleFinder</title>
         </properties>
      </component>

      <!-- People Finder -->
      <component>
         <region-id>people-finder</region-id>
         <url>/components/people-finder/people-finder</url>
         <properties>
            <setFocus>true</setFocus>
            <viewMode>Alfresco.PeopleFinder.VIEW_MODE_FULLPAGE</viewMode>
         </properties>
      </component>

   </components>
</template-instance>
