<?xml version='1.0' encoding='UTF-8'?>
<template-instance>
   <template-type>org/alfresco/site-finder</template-type>
   <components>

      <!-- Title -->
      <component>
         <region-id>title</region-id>
         <url>/components/title/simple-title</url>
         <properties>
            <title>title.siteFinder</title>
         </properties>
      </component>

      <!--Site Finder -->
      <component>
         <region-id>site-finder</region-id>
         <url>/components/site-finder</url>
         <properties>
            <minSearchTermLength>0</minSearchTermLength>
            <setFocus>true</setFocus>
         </properties>
      </component>
   </components>
</template-instance>
