<?xml version='1.0' encoding='UTF-8'?>
<template-instance>
   <template-type>org/alfresco/user-content</template-type>
   <components>

      <!-- Title -->
      <component>
         <region-id>title</region-id>
         <url>/components/title/profile-title</url>
      </component>

      <!-- Toolbar -->
      <component>
         <region-id>toolbar</region-id>
         <url>/components/profile/userprofile-toolbar</url>
      </component>

      <!-- User Content -->
      <component>
         <region-id>user-content</region-id>
         <url>/components/profile/user-content</url>
      </component>

   </components>
</template-instance>