<?xml version='1.0' encoding='UTF-8'?>
<template-instance>
   <template-type>org/alfresco/add-groups</template-type>
   <description>Add Groups page</description>
   <properties>
      <pageFamily>site-members</pageFamily>
   </properties>
   <components>

      <!-- Title -->
      <component>
         <region-id>title</region-id>
         <url>/components/title/collaboration-title</url>
      </component>

      <!-- Navigation -->
      <component>
         <region-id>navigation</region-id>
         <url>/components/navigation/collaboration-navigation</url>
      </component>

      <!-- Members Bar -->
      <component>
         <region-id>membersbar</region-id>
         <url>/components/invite/members-bar</url>
      </component>

      <!-- Groups Finder -->
      <component>
         <region-id>group-finder</region-id>
         <url>/components/people-finder/group-finder</url>
         <properties>
            <setFocus>true</setFocus>
            <addButtonSuffix>&gt;&gt;</addButtonSuffix>      
            <dataWebScript>api/sites/[siteId]/potentialmembers?authorityType=GROUP</dataWebScript>
         </properties>
      </component>

      <!-- Groups List -->
      <component>
         <region-id>groupslist</region-id>
         <url>/components/invite/groupslist</url>
      </component>

   </components>
</template-instance>