<?xml version='1.0' encoding='UTF-8'?>
<template-instance>
   <template-type>org/alfresco/arenaUpload</template-type>
   <components>
		
        <component>
           <region-id>caUpload</region-id>
           <url>/components/videotest/caUpload</url>
        </component>

      <!-- Uploaders -->
      <component>
         <region-id>html-upload</region-id>
         <url>/components/upload/html-upload</url>
      </component>
      <component>
         <region-id>flash-upload</region-id>
         <url>/components/upload/flash-upload</url>
      </component>
      <component>
         <region-id>file-upload</region-id>
         <url>/components/upload/file-upload</url>
      </component>
      <component>
         <region-id>dnd-upload</region-id>
         <url>/components/upload/dnd-upload</url>
      </component>
        
   </components>
</template-instance>